{"cameraMode":{"drawMode":0,"name":"Shaded","section":"Shading Mode"},"sceneLighting":false,"audioPlay":false,"sceneViewState":{"showFog":true,"showMaterialUpdate":false,"showSkybox":true,"showFlares":true,"showImageEffects":true,"showParticleSystems":true},"in2DMode":false,"pivot":{"x":6.312007904052734,"y":2.212399482727051,"z":1.632240653038025},"rotation":{"x":-0.11513849347829819,"y":0.8819825053215027,"z":-0.3588394820690155,"w":-0.2829916775226593},"size":0.8716380596160889,"orthographic":false}