{"cameraMode":{"drawMode":0,"name":"Shaded","section":"Shading Mode"},"sceneLighting":false,"audioPlay":false,"sceneViewState":{"showFog":true,"showMaterialUpdate":false,"showSkybox":true,"showFlares":true,"showImageEffects":true,"showParticleSystems":true},"in2DMode":false,"pivot":{"x":0.4853644371032715,"y":-0.5148681402206421,"z":0.9562886357307434},"rotation":{"x":-0.5301846861839294,"y":-0.013720154762268067,"z":0.008583172224462033,"w":-0.8477277159690857},"size":1.6539764404296876,"orthographic":false}