{"cameraMode":{"drawMode":0,"name":"Shaded","section":"Shading Mode"},"sceneLighting":true,"audioPlay":false,"sceneViewState":{"showFog":true,"showMaterialUpdate":false,"showSkybox":true,"showFlares":true,"showImageEffects":true,"showParticleSystems":true},"in2DMode":false,"pivot":{"x":-38.15692138671875,"y":20.520126342773439,"z":48.00153732299805},"rotation":{"x":-0.4878203272819519,"y":0.08564167469739914,"z":-0.04816379398107529,"w":-0.8673967719078064},"size":175.45399475097657,"orthographic":false}