{"cameraMode":{"drawMode":0,"name":"Shaded","section":"Shading Mode"},"sceneLighting":true,"audioPlay":false,"sceneViewState":{"showFog":true,"showMaterialUpdate":false,"showSkybox":true,"showFlares":true,"showImageEffects":true,"showParticleSystems":true},"in2DMode":false,"pivot":{"x":-23.23052978515625,"y":-13.025091171264649,"z":31.669389724731447},"rotation":{"x":-0.1673879623413086,"y":0.8326051235198975,"z":-0.37513071298599245,"w":-0.3715198338031769},"size":145.12657165527345,"orthographic":false}